INSERT INTO PHARMACY.PATIENT (FIRST_NAME, LAST_NAME, UHID, DATE_OF_BIRTH, GENDER, EMAIL, PHONE_NUMBER)
VALUES 
('Dinesh', 'Sharma', 1, '1992-01-08', 'M', 'dinesh.sharma@gmail.com', '9876543210'),
('Emily', 'Patel', 2, '1997-05-15', 'F', 'emily.patel@yahoo.com', '1234567890'),
('Liam', 'Singh', 3, '2002-07-05', 'M', 'liam.singh@gmail.com', '9012345678'),
('Dinesh', 'Kumar', 4, '2001-10-01', 'M', 'dinesh.kumar@hotmail.com', '5551234567'),
('Sophia', 'Gupta', 5, '1995-02-12', 'F', 'sophia.gupta@gmail.com', '7890987654'),
('Olivia', 'Shah', 6, '1993-04-14', 'F', 'olivia.shah@yahoo.com', '3456789012'),
('Dinesh', 'Rao', 7, '1999-03-28', 'M', 'dinesh.rao@yahoo.com', '6665554444'),
('Noah', 'Khan', 8, '2000-09-18', 'M', 'noah.khan@gmail.com', '7890123456'),
('Aisha', 'Mehta', 9, '1998-11-20', 'F', 'aisha.mehta@hotmail.com', '5678901234'),
('Dinesh', 'Jain', 10, '1990-08-25', 'M', 'dinesh.jain@hotmail.com', '4321112233'),
('Lucas', 'Chopra', 11, '1994-02-16', 'M', 'lucas.chopra@yahoo.com', '2345678901'),
('Charlotte', 'Ahuja', 12, '1991-09-21', 'F', 'charlotte.ahuja@gmail.com', '8901234567'),
('Benjamin', 'Raj', 13, '1996-01-19', 'M', 'benjamin.raj@yahoo.com', '7890987654'),
('Amelia', 'Dutta', 14, '2001-03-08', 'F', 'amelia.dutta@hotmail.com', '5678123456'),
('Logan', 'Mishra', 15, '2000-05-22', 'M', 'logan.mishra@gmail.com', '3124567890'),
('Dinesh', 'Gill', 16, '1992-08-14', 'M', 'dinesh.gill@hotmail.com', '4567890123'),
('Harper', 'Bhatia', 17, '1993-10-11', 'F', 'harper.bhatia@yahoo.com', '6543210987'),
('William', 'Sinha', 18, '1995-06-17', 'M', 'william.sinha@hotmail.com', '8765123456'),
('Evelyn', 'Kaur', 19, '1998-02-04', 'F', 'evelyn.kaur@gmail.com', '5678901234'),
('Alexander', 'Joshi', 20, '1996-06-22', 'M', 'alexander.joshi@yahoo.com', '7654398765');

 -----------------------------------------------------------------------------
 
 INSERT INTO PHARMACY.TAX_CATEGORY (CODE, SGST, CGST, IGST) VALUES
('30049088', 6, 6, 12),
('30049089', 6, 6, 12),
('30049090', 6, 6, 12),
('30049091', 6, 6, 12),
('30049092', 6, 6, 12),
('30049093', 6, 6, 12),
('30049094', 6, 6, 12),
('30049095', 6, 6, 12),
('30049096', 6, 6, 12),
('30049097', 6, 6, 12),
('30049098', 6, 6, 12),
('30049099', 6, 6, 12),
('30049100', 6, 6, 12),
('30049101', 6, 6, 12),
('30049102', 6, 6, 12),
('30049103', 6, 6, 12),
('30049104', 6, 6, 12),
('30049105', 6, 6, 12),
('30049106', 6, 6, 12),
('30049107', 6, 6, 12),
('30049108', 6, 6, 12),
('30049109', 6, 6, 12),
('30049110', 6, 6, 12),
('30049111', 6, 6, 12),
('30049112', 6, 6, 12),
('30049113', 6, 6, 12),
('30049114', 6, 6, 12),
('30049115', 6, 6, 12),
('30049116', 6, 6, 12),
('30049117', 6, 6, 12),
('30049118', 6, 6, 12),
('30049119', 6, 6, 12),
('30049120', 6, 6, 12),
('30049121', 6, 6, 12),
('30049122', 6, 6, 12),
('30049123', 6, 6, 12),
('30049124', 6, 6, 12),
('30049125', 6, 6, 12),
('30049126', 6, 6, 12),
('30049127', 6, 6, 12),
('30049128', 6, 6, 12),
('30049129', 6, 6, 12),
('30049130', 6, 6, 12),
('30049131', 6, 6, 12),
('30049132', 6, 6, 12),
('30049133', 6, 6, 12),
('30049134', 6, 6, 12),
('30049135', 6, 6, 12),
('30049136', 6, 6, 12),
('30049137', 6, 6, 12),
('30049138', 6, 6, 12),
('30049139', 6, 6, 12),
('30049140', 6, 6, 12),
('30049141', 6, 6, 12),
('30049142', 6, 6, 12),
('30049143', 6, 6, 12),
('30049144', 6, 6, 12),
('30049145', 6, 6, 12),
('30049146', 6, 6, 12),
('30049147', 6, 6, 12),
('30049148', 6, 6, 12),
('30049149', 6, 6, 12),
('30049150', 6, 6, 12),
('30049151', 6, 6, 12),
('30049152', 6, 6, 12),
('30049153', 6, 6, 12),
('30049154', 6, 6, 12),
('30049155', 6, 6, 12),
('30049156', 6, 6, 12),
('30049157', 6, 6, 12),
('30049158', 6, 6, 12),
('30049159', 6, 6, 12),
('30049160', 6, 6, 12),
('30049161', 6, 6, 12),
('30049162', 6, 6, 12),
('30049163', 6, 6, 12),
('30049164', 6, 6, 12),
('30049165', 6, 6, 12),
('30049166', 6, 6, 12),
('30049167', 6, 6, 12),
('30049168', 6, 6, 12),
('30049169', 6, 6, 12),
('30049170', 6, 6, 12),
('30049171', 6, 6, 12),
('30049172', 6, 6, 12),
('30049173', 6, 6, 12),
('30049174', 6, 6, 12),
('30049175', 6, 6, 12),
('30049176', 6, 6, 12),
('30049177', 6, 6, 12),
('30049178', 6, 6, 12),
('30049179', 6, 6, 12),
('30040399', 6, 6, 12),
('30049099', 6, 6, 12),
('90180290', 6, 6, 12),
('19011020', 6, 6, 12),
('20097100', 6, 6, 12),
('30009034', 6, 6, 12),
('30019091', 6, 6, 12),
('30019099', 6, 6, 12),
('30020000', 6, 6, 12),
('30021014', 6, 6, 12),
('30021020', 6, 6, 12),
('30021099', 6, 6, 12),
('30021220', 6, 6, 12),
('30021230', 6, 6, 12),
('30021290', 6, 6, 12),
('30021500', 6, 6, 12),
('30022012', 6, 6, 12),
('30022016', 6, 6, 12),
('30022019', 6, 6, 12),
('30022021', 6, 6, 12),
('30029030', 6, 6, 12),
('30031000', 6, 6, 12),
('30033900', 6, 6, 12),
('30039034', 6, 6, 12),
('30040000', 6, 6, 12),
('30041000', 6, 6, 12),
('30041010', 6, 6, 12),
('30041019', 6, 6, 12),
('30041020', 6, 6, 12),
('30041030', 6, 6, 12),
('30041050', 6, 6, 12),
('30041060', 6, 6, 12),
('30041090', 6, 6, 12),
('30042010', 6, 6, 12),
('30042013', 6, 6, 12),
('30042019', 6, 6, 12),
('30042020', 6, 6, 12),
('30042033', 6, 6, 12),
('30042034', 6, 6, 12),
('30042039', 6, 6, 12),
('30042049', 6, 6, 12),
('30042063', 6, 6, 12),
('30042064', 6, 6, 12),
('30042065', 6, 6, 12),
('30042070', 6, 6, 12),
('30042095', 6, 6, 12),
('30042096', 6, 6, 12),
('30042097', 6, 6, 12),
('30042099', 6, 6, 12),
('30043099', 6, 6, 12),
('30043110', 6, 6, 12),
('30043190', 6, 6, 12),
('30043198', 6, 6, 12),
('30043200', 6, 6, 12),
('30043911', 6, 6, 12),
('30043912', 6, 6, 12),
('30043913', 6, 6, 12),
('30043919', 6, 6, 12),
('30043922', 6, 6, 12),
('30043990', 6, 6, 12),
('30044090', 6, 6, 12),
('30044910', 6, 6, 12),
('30044920', 6, 6, 12),
('30045009', 6, 6, 12),
('30045010', 6, 6, 12),
('30045020', 6, 6, 12),
('30045036', 6, 6, 12),
('30045037', 6, 6, 12),
('30045039', 6, 6, 12),
('30045090', 6, 6, 12),
('30049006', 6, 6, 12),
('30049011', 6, 6, 12),
('30049014', 6, 6, 12),
('30049015', 6, 6, 12),
('30049019', 6, 6, 12),
('30049022', 6, 6, 12),
('30049027', 6, 6, 12),
('30049029', 6, 6, 12),
('30049031', 6, 6, 12),
('30049032', 6, 6, 12),
('30049033', 6, 6, 12),
('30049034', 6, 6, 12),
('30049035', 6, 6, 12),
('30049039', 6, 6, 12),
('30049040', 6, 6, 12),
('30049041', 6, 6, 12),
('30049043', 6, 6, 12),
('30049051', 6, 6, 12),
('30049052', 6, 6, 12),
('30049057', 6, 6, 12),
('30049059', 6, 6, 12),
('30049061', 6, 6, 12),
('30049062', 6, 6, 12),
('30049063', 6, 6, 12),
('30049064', 6, 6, 12),
('30049066', 6, 6, 12),
('30049067', 6, 6, 12),
('30049069', 6, 6, 12),
('30049071', 6, 6, 12),
('30049072', 6, 6, 12),
('30049073', 6, 6, 12),
('30049074', 6, 6, 12),
('30049076', 6, 6, 12),
('30049079', 6, 6, 12),
('30049081', 6, 6, 12),
('30049082', 6, 6, 12),
('30049084', 6, 6, 12),
('30049086', 6, 6, 12),
('30049087', 6, 6, 12);

----------------------------------------------------------------------------

INSERT INTO PHARMACY.DRUG_SETUP (NAME, TYPE, UNITS_PER_PACK, HSN_CODE, CGST, IGST, SGST, STATUS, COMPOSITION, GENERIC_NAME) VALUES
('Paracetamol', 'TAB', 12.00, '30049099', 5.00, 0.00, 5.00, 'A', 'Acetaminophen', 'Paracetamol'),
('Metformin', 'TAB', 6.00, '30041010', 5.00, 0.00, 5.00, 'A', 'Metformin HCL', 'Metformin'),
('Atorvastatin', 'TAB', 10.00, '30049090', 5.00, 0.00, 5.00, 'A', 'Atorvastatin Calcium', 'Atorvastatin'),
('Amoxicillin', 'CAP', 8.00, '30049095', 5.00, 0.00, 5.00, 'A', 'Amoxicillin Trihydrate', 'Amoxicillin'),
('Azithromycin', 'TAB', 11.00, '30049094', 5.00, 0.00, 5.00, 'A', 'Azithromycin Dihydrate', 'Azithromycin'),
('Ibuprofen', 'TAB', 7.00, '30041019', 5.00, 0.00, 5.00, 'A', 'Ibuprofen', 'Ibuprofen'),
('Diclofenac', 'TAB', 15.00, '30049107', 5.00, 0.00, 5.00, 'A', 'Diclofenac Sodium', 'Diclofenac'),
('Ranitidine', 'TAB', 9.00, '30049014', 5.00, 0.00, 5.00, 'A', 'Ranitidine HCL', 'Ranitidine'),
('Cetirizine', 'TAB', 5.00, '30045020', 5.00, 0.00, 5.00, 'A', 'Cetirizine HCL', 'Cetirizine'),
('Lisinopril', 'TAB', 10.00, '30049112', 5.00, 0.00, 5.00, 'A', 'Lisinopril', 'Lisinopril'),
('Losartan', 'TAB', 4.00, '30049031', 5.00, 0.00, 5.00, 'A', 'Losartan Potassium', 'Losartan'),
('Amlodipine', 'TAB', 12.00, '30049073', 5.00, 0.00, 5.00, 'A', 'Amlodipine Besylate', 'Amlodipine'),
('Ciprofloxacin', 'TAB', 3.00, '30049033', 5.00, 0.00, 5.00, 'A', 'Ciprofloxacin HCL', 'Ciprofloxacin'),
('Doxycycline', 'CAP', 13.00, '30049022', 5.00, 0.00, 5.00, 'A', 'Doxycycline Hyclate', 'Doxycycline'),
('Fluconazole', 'TAB', 5.00, '30049101', 5.00, 0.00, 5.00, 'A', 'Fluconazole', 'Fluconazole'),
('Clopidogrel', 'TAB', 9.00, '30049059', 5.00, 0.00, 5.00, 'A', 'Clopidogrel Bisulfate', 'Clopidogrel'),
('Esomeprazole', 'CAP', 2.00, '30049063', 5.00, 0.00, 5.00, 'A', 'Esomeprazole Magnesium', 'Esomeprazole'),
('Gliclazide', 'TAB', 11.00, '30049140', 5.00, 0.00, 5.00, 'A', 'Gliclazide', 'Gliclazide'),
('Levothyroxine', 'TAB', 6.00, '30049120', 5.00, 0.00, 5.00, 'A', 'Levothyroxine Sodium', 'Levothyroxine'),
('Montelukast', 'TAB', 15.00, '30049027', 5.00, 0.00, 5.00, 'A', 'Montelukast Sodium', 'Montelukast'),
('Ondansetron', 'TAB', 4.00, '30049130', 5.00, 0.00, 5.00, 'A', 'Ondansetron HCL', 'Ondansetron'),
('Pantoprazole', 'TAB', 8.00, '30049074', 5.00, 0.00, 5.00, 'A', 'Pantoprazole Sodium', 'Pantoprazole'),
('Sitagliptin', 'TAB', 7.00, '30049117', 5.00, 0.00, 5.00, 'A', 'Sitagliptin Phosphate', 'Sitagliptin'),
('Tamsulosin', 'CAP', 3.00, '30049089', 5.00, 0.00, 5.00, 'A', 'Tamsulosin HCL', 'Tamsulosin'),
('Telmisartan', 'TAB', 9.00, '30049084', 5.00, 0.00, 5.00, 'A', 'Telmisartan', 'Telmisartan'),
('Tramadol', 'TAB', 14.00, '30049116', 5.00, 0.00, 5.00, 'A', 'Tramadol HCL', 'Tramadol'),
('Valsartan', 'TAB', 12.00, '30049118', 5.00, 0.00, 5.00, 'A', 'Valsartan', 'Valsartan'),
('Vitamin D3', 'CAP', 11.00, '30049066', 5.00, 0.00, 5.00, 'A', 'Cholecalciferol', 'Vitamin D3'),
('Warfarin', 'TAB', 8.00, '30049040', 5.00, 0.00, 5.00, 'A', 'Warfarin Sodium', 'Warfarin'),
('Atenolol', 'TAB', 9.00, '30049136', 5.00, 0.00, 5.00, 'A', 'Atenolol', 'Atenolol'),
('Bisoprolol', 'TAB', 7.00, '30049006', 5.00, 0.00, 5.00, 'A', 'Bisoprolol Fumarate', 'Bisoprolol'),
('Clarithromycin', 'TAB', 13.00, '30049069', 5.00, 0.00, 5.00, 'A', 'Clarithromycin', 'Clarithromycin'),
('Diltiazem', 'TAB', 8.00, '30049115', 5.00, 0.00, 5.00, 'A', 'Diltiazem HCL', 'Diltiazem'),
('Duloxetine', 'CAP', 5.00, '30049043', 5.00, 0.00, 5.00, 'A', 'Duloxetine HCL', 'Duloxetine'),
('Finasteride', 'TAB', 9.00, '30049105', 5.00, 0.00, 5.00, 'A', 'Finasteride', 'Finasteride'),
('Glimepiride', 'TAB', 7.00, '30049087', 5.00, 0.00, 5.00, 'A', 'Glimepiride', 'Glimepiride'),
('Loratadine', 'TAB', 6.00, '30049093', 5.00, 0.00, 5.00, 'A', 'Loratadine', 'Loratadine'),
('Olmesartan', 'TAB', 10.00, '30049029', 5.00, 0.00, 5.00, 'A', 'Olmesartan Medoxomil', 'Olmesartan'),
('Rabeprazole', 'TAB', 15.00, '30049127', 5.00, 0.00, 5.00, 'A', 'Rabeprazole Sodium', 'Rabeprazole'),
('Rosuvastatin', 'TAB', 14.00, '30049109', 5.00, 0.00, 5.00, 'A', 'Rosuvastatin Calcium', 'Rosuvastatin'),
('Sertraline', 'TAB', 10.00, '30049097', 5.00, 0.00, 5.00, 'A', 'Sertraline HCL', 'Sertraline'),
('Simvastatin', 'TAB', 4.00, '30049096', 5.00, 0.00, 5.00, 'A', 'Simvastatin', 'Simvastatin'),
('Sulfamethoxazole', 'TAB', 11.00, '30049015', 5.00, 0.00, 5.00, 'A', 'Sulfamethoxazole', 'Sulfamethoxazole'),
('Temazepam', 'CAP', 6.00, '30049086', 5.00, 0.00, 5.00, 'A', 'Temazepam', 'Temazepam'),
('Valacyclovir', 'TAB', 13.00, '30049019', 5.00, 0.00, 5.00, 'A', 'Valacyclovir HCL', 'Valacyclovir'),
('Venlafaxine', 'TAB', 7.00, '30049041', 5.00, 0.00, 5.00, 'A', 'Venlafaxine HCL', 'Venlafaxine'),
('Vildagliptin', 'TAB', 12.00, '30049075', 5.00, 0.00, 5.00, 'A', 'Vildagliptin', 'Vildagliptin'),
('Zolpidem', 'TAB', 9.00, '30049089', 5.00, 0.00, 5.00, 'A', 'Zolpidem Tartrate', 'Zolpidem'),
('Lamotrigine', 'TAB', 3.00, '30049021', 5.00, 0.00, 5.00, 'A', 'Lamotrigine', 'Lamotrigine'),
('Methotrexate', 'TAB', 14.00, '30049037', 5.00, 0.00, 5.00, 'A', 'Methotrexate', 'Methotrexate');

----------------------------------------------------------------------------------------------------------------

INSERT INTO PHARMACY.CODE_VALUE (CODE, VALUE, DOMAIN_NAME, STATUS) VALUES
('TBT', 'Tablet', 'DRUG_TYPE', 'A'),
('SYP', 'Syrup(Liquid)', 'DRUG_TYPE', 'A'),
('CPS', 'Capsules', 'DRUG_TYPE', 'A'),
('DRP', 'Drops', 'DRUG_TYPE', 'A'),
('INH', 'Inhalers', 'DRUG_TYPE', 'A'),
('INJ', 'Injections', 'DRUG_TYPE', 'A'),
('CRE', 'Cream', 'DRUG_TYPE', 'A'),
('GEL', 'Gel', 'DRUG_TYPE', 'A'),
('JEL', 'Jelly', 'DRUG_TYPE', 'A'),
('SPR', 'Spray', 'DRUG_TYPE', 'A'),
('TOO', 'Tooth Paste', 'DRUG_TYPE', 'A'),
('PK', 'Pain Killer', 'DRUG_TYPE', 'A'),
('SUS', 'Suspension', 'DRUG_TYPE', 'A'),
('HD', 'Heart Disease', 'DRUG_TYPE', 'A'),
('BLT', 'Belts', 'DRUG_TYPE', 'A'),
('CTN', 'Cotton', 'DRUG_TYPE', 'A'),
('FLD', 'Fluid', 'DRUG_TYPE', 'A'),
('GUM', 'Gum', 'DRUG_TYPE', 'A'),
('IMP', 'Implants', 'DRUG_TYPE', 'A'),
('IVS', 'IV Set', 'DRUG_TYPE', 'A'),
('MSK', 'Mask', 'DRUG_TYPE', 'A'),
('PAD', 'Pads', 'DRUG_TYPE', 'A'),
('SYR', 'Syringes', 'DRUG_TYPE', 'A'),
('THR', 'Thermometer', 'DRUG_TYPE', 'A'),
('LIQ', 'Liquid', 'DRUG_TYPE', 'A'),
('LOT', 'Lotion', 'DRUG_TYPE', 'A'),
('A', 'Active', 'DRUG_STATUS', 'A'),
('I', 'InActive', 'DRUG_STATUS', 'A'),
('M', 'Male', 'GENDER_TYPE', 'A'),
('F', 'Female', 'GENDER_TYPE', 'A'),
('O', 'Others', 'GENDER_TYPE', 'A'),
('Y', 'Year(s)', 'AGE_TYPE', 'A'),
('M', 'Month(s)', 'AGE_TYPE', 'A'),
('D', 'Day(s)', 'AGE_TYPE', 'A'),
('A', 'Active', 'COMMON_STATUS', 'A'),
('I', 'InActive', 'COMMON_STATUS', 'A'),
('P', 'Pending', 'INVENTORY_STATUS', 'A'),
('IP', 'In-Progress', 'INVENTORY_STATUS', 'A'),
('C', 'Complete', 'INVENTORY_STATUS', 'A'),
('A', 'Approved', 'INVENTORY_STATUS', 'A'),
('I', 'InActive', 'INVENTORY_STATUS', 'A');

 
----------------------------------------------------------------------------------------------------------------


